,CLIENTNUM,Attrition_Flag,Customer_Age,Gender,Dependent_count,Education_Level,Marital_Status,Income_Category,Card_Category,Months_on_book,Total_Relationship_Count,Months_Inactive_12_mon,Contacts_Count_12_mon,Credit_Limit,Total_Revolving_Bal,Avg_Open_To_Buy,Total_Amt_Chng_Q4_Q1,Total_Trans_Amt,Total_Trans_Ct,Total_Ct_Chng_Q4_Q1,Avg_Utilization_Ratio,Naive_Bayes_Classifier_Attrition_Flag_Card_Category_Contacts_Count_12_mon_Dependent_count_Education_Level_Months_Inactive_12_mon_1,Naive_Bayes_Classifier_Attrition_Flag_Card_Category_Contacts_Count_12_mon_Dependent_count_Education_Level_Months_Inactive_12_mon_2
1,818770008,Existing Customer,49,F,5,Graduate,Single,Less than $40K,Blue,44,6,1,2,8256.0,864,7392.0,1.541,1291,33,3.714,0.105,5.6861e-05,0.99994
10,708790833,Existing Customer,42,M,5,Uneducated,Unknown,$120K +,Blue,31,5,3,2,6748.0,1467,5281.0,0.831,1201,42,0.68,0.217,0.00019094,0.99981
58,711427458,Existing Customer,44,F,5,Graduate,Married,Unknown,Blue,35,4,1,2,6273.0,978,5295.0,2.275,1359,25,1.083,0.156,5.6861e-05,0.99994
73,820582308,Existing Customer,42,M,5,Uneducated,Married,$80K - $120K,Blue,37,6,2,2,22913.0,1528,21385.0,0.414,1394,35,0.522,0.067,0.00012082,0.99988
140,789322833,Attrited Customer,48,F,5,High School,Married,Less than $40K,Blue,38,1,3,3,8025.0,0,8025.0,0.654,673,18,0.8,0.0,0.99672,0.00328187
155,713786508,Existing Customer,42,F,5,Unknown,Married,$40K - $60K,Blue,36,3,3,3,2038.0,0,2038.0,0.786,1238,28,0.75,0.0,0.00034328,0.99966
168,713741358,Attrited Customer,46,M,5,Graduate,Single,$80K - $120K,Blue,33,6,3,3,32975.0,2517,30458.0,0.658,597,17,0.7,0.076,0.99681,0.00319072
175,714964758,Existing Customer,45,F,5,Graduate,Divorced,$40K - $60K,Blue,36,5,2,2,10400.0,1777,8623.0,0.791,1105,28,0.867,0.171,0.00011751,0.99988
194,715735233,Existing Customer,51,F,5,Post-Graduate,Married,Less than $40K,Blue,44,5,1,1,3449.0,1598,1851.0,0.971,1679,42,0.556,0.463,4.0349e-05,0.99996
201,771698658,Existing Customer,44,M,5,Graduate,Married,$60K - $80K,Blue,32,4,5,3,11376.0,2006,9370.0,0.619,1302,27,0.8,0.176,0.00034882,0.99965
232,717906783,Existing Customer,41,M,5,Graduate,Single,$120K +,Blue,29,5,2,2,5207.0,1748,3459.0,1.073,1310,26,1.0,0.336,0.00011751,0.99988
242,821797008,Attrited Customer,49,M,5,College,Married,$40K - $60K,Blue,45,2,2,3,1438.3,0,1438.3,0.734,815,21,0.615,0.0,0.99482,0.00518
269,719942883,Existing Customer,54,M,5,Graduate,Married,$60K - $80K,Blue,38,3,3,3,2290.0,1434,856.0,0.923,1119,18,3.5,0.626,0.00031231,0.99969
334,718505958,Existing Customer,43,M,5,Graduate,Divorced,$120K +,Silver,31,5,3,3,34516.0,1699,32817.0,0.771,1628,38,0.727,0.049,0.0002822,0.99972
348,719242533,Existing Customer,41,M,5,High School,Married,$60K - $80K,Blue,33,5,3,3,22770.0,2517,20253.0,0.994,1882,38,0.652,0.111,0.00030361,0.9997
418,710004933,Existing Customer,44,M,5,Uneducated,Married,$60K - $80K,Blue,36,3,3,2,8645.0,1454,7191.0,0.708,1435,25,1.778,0.168,0.00019094,0.99981
449,789129033,Existing Customer,44,M,5,Unknown,Single,$80K - $120K,Blue,32,5,3,2,14910.0,877,14033.0,0.772,1150,26,0.625,0.059,0.00020412,0.9998
471,710665533,Existing Customer,42,F,5,Doctorate,Married,Unknown,Blue,23,4,2,2,24602.0,1660,22942.0,0.588,1337,44,0.76,0.067,0.00017004,0.99983
503,710104908,Existing Customer,56,F,5,College,Single,Less than $40K,Blue,43,4,1,0,2763.0,2517,246.0,0.938,1246,31,0.824,0.911,2.0392e-05,0.99998
684,813453408,Existing Customer,40,F,5,College,Married,Less than $40K,Blue,35,3,1,3,2448.0,1693,755.0,0.502,1269,30,0.875,0.692,9.2982e-05,0.99991
709,780054258,Existing Customer,40,M,5,Graduate,Unknown,$40K - $60K,Blue,25,6,2,3,7860.0,541,7319.0,0.764,1367,35,0.75,0.069,0.00019764,0.9998
718,778357458,Existing Customer,44,F,5,Unknown,Single,Less than $40K,Blue,24,4,3,3,2003.0,1224,779.0,0.646,1756,42,0.355,0.611,0.00034328,0.99966
726,717418158,Existing Customer,42,M,5,Unknown,Unknown,$120K +,Blue,36,4,1,2,34516.0,1839,32677.0,0.69,1230,34,0.889,0.053,6.2502e-05,0.99994
846,720990183,Attrited Customer,54,M,5,High School,Married,$60K - $80K,Blue,36,5,2,3,14539.0,0,14539.0,0.907,965,26,0.529,0.0,0.99482,0.00518
924,794831733,Existing Customer,45,F,5,Graduate,Married,Less than $40K,Blue,39,4,3,2,2156.0,1208,948.0,0.569,1345,28,0.647,0.56,0.0001857,0.99981
970,712420833,Existing Customer,49,F,5,College,Single,Unknown,Blue,41,6,3,2,16031.0,2245,13786.0,0.635,1527,57,0.462,0.14,0.00018054,0.99982
978,813499458,Attrited Customer,45,M,5,High School,Unknown,$60K - $80K,Blue,40,3,3,1,1438.3,0,1438.3,1.23,2132,31,0.107,0.0,0.9909,0.0091
981,710045058,Existing Customer,46,M,5,High School,Married,$40K - $60K,Silver,28,5,1,3,18797.0,2158,16639.0,0.446,1364,40,0.538,0.115,8.4008e-05,0.99992
985,710036508,Existing Customer,42,M,5,Uneducated,Married,$40K - $60K,Blue,34,5,3,2,14281.0,1519,12762.0,0.256,1164,35,0.522,0.106,0.00019094,0.99981
1053,769732233,Existing Customer,40,M,5,Graduate,Married,$80K - $120K,Blue,34,6,2,4,11942.0,1651,10291.0,0.598,1085,29,0.208,0.138,0.00033714,0.99966
1064,714831033,Existing Customer,54,M,5,Graduate,Married,$80K - $120K,Blue,47,4,1,3,6065.0,1728,4337.0,0.417,1114,27,0.688,0.285,9.5638e-05,0.9999
1081,778508883,Existing Customer,44,M,5,Graduate,Married,$120K +,Blue,24,4,1,4,11876.0,1926,9950.0,0.51,1367,33,0.737,0.162,0.00016316,0.99984
1082,715511658,Existing Customer,49,F,5,Post-Graduate,Unknown,$40K - $60K,Blue,39,3,1,4,4568.0,0,4568.0,0.979,1431,27,0.688,0.0,0.00019198,0.99981
1093,801369258,Existing Customer,47,F,5,Post-Graduate,Married,$40K - $60K,Blue,41,6,2,2,4466.0,777,3689.0,1.02,1757,59,0.595,0.174,0.00013827,0.99986
1097,711688158,Existing Customer,47,M,5,Graduate,Single,$120K +,Blue,27,5,3,4,11760.0,2306,9454.0,0.616,1498,49,0.96,0.196,0.00053272,0.99947
1111,712216533,Existing Customer,44,M,5,Unknown,Single,$80K - $120K,Blue,34,6,2,3,8206.0,763,7443.0,0.87,1715,43,0.72,0.093,0.00021724,0.99978
1148,718861458,Existing Customer,49,M,5,Unknown,Single,$60K - $80K,Blue,36,6,1,2,5159.0,1532,3627.0,0.787,1826,37,0.609,0.297,6.2502e-05,0.99994
1191,712454958,Existing Customer,40,M,5,Graduate,Single,$60K - $80K,Blue,27,6,1,2,2742.0,1416,1326.0,0.761,1539,38,1.111,0.516,5.6861e-05,0.99994
1235,716169258,Existing Customer,47,F,5,Graduate,Married,Less than $40K,Blue,39,3,3,4,7128.0,1560,5568.0,0.573,1468,44,0.76,0.219,0.00053272,0.99947
1337,772353408,Existing Customer,43,F,5,Unknown,Single,$40K - $60K,Blue,33,4,3,4,5330.0,1161,4169.0,0.558,1441,43,0.387,0.218,0.00058553,0.99941
1343,778855383,Existing Customer,36,F,5,High School,Married,Less than $40K,Blue,17,3,1,3,1438.3,0,1438.3,1.028,1975,40,0.6,0.0,9.2974e-05,0.99991
1347,717167283,Existing Customer,49,F,5,Unknown,Divorced,Less than $40K,Blue,36,4,1,4,9165.0,0,9165.0,0.597,1846,56,0.647,0.0,0.00017934,0.99982
1397,715528983,Existing Customer,46,M,5,Uneducated,Divorced,$60K - $80K,Blue,36,3,1,2,17196.0,1646,15550.0,0.542,1466,41,1.278,0.096,5.8465e-05,0.99994
1435,718416858,Existing Customer,42,M,5,Graduate,Married,$60K - $80K,Blue,34,3,3,3,10607.0,2517,8090.0,1.197,1903,40,0.538,0.237,0.00031231,0.99969
1456,755959683,Existing Customer,50,F,5,Unknown,Unknown,Unknown,Blue,43,5,1,2,3410.0,2281,1129.0,0.518,1296,31,0.348,0.669,6.2502e-05,0.99994
1465,771544533,Attrited Customer,42,F,5,High School,Married,Unknown,Blue,30,3,1,4,3578.0,0,3578.0,0.759,1015,36,0.44,0.0,0.99374,0.00626
1470,721084833,Existing Customer,48,M,5,High School,Married,$40K - $60K,Silver,34,5,0,2,17657.0,2018,15639.0,0.55,1682,39,0.95,0.114,1.8481e-05,0.99998
1504,709429533,Existing Customer,49,F,5,Graduate,Divorced,Unknown,Blue,35,6,3,4,2561.0,0,2561.0,1.021,2047,41,0.864,0.0,0.00053272,0.99947
1548,788789658,Existing Customer,40,M,5,Unknown,Unknown,$80K - $120K,Blue,22,6,1,4,4042.0,1744,2298.0,0.582,1471,37,0.542,0.431,0.00017934,0.99982
1549,717837858,Existing Customer,47,M,5,College,Married,$120K +,Blue,34,3,1,2,17603.0,1063,16540.0,1.065,2902,64,0.641,0.06,5.5282e-05,0.99994
1551,716253858,Existing Customer,37,M,5,Post-Graduate,Married,$80K - $120K,Blue,26,2,1,2,16730.0,1956,14774.0,0.675,1740,43,0.536,0.117,6.6908e-05,0.99993
1607,715524708,Existing Customer,49,M,5,Unknown,Single,$40K - $60K,Silver,41,4,2,2,20756.0,1710,19046.0,0.816,1502,31,0.824,0.082,0.00011671,0.99988
1730,713830233,Existing Customer,47,F,5,High School,Married,$40K - $60K,Blue,36,5,3,2,7061.0,1813,5248.0,0.744,1831,60,0.5,0.257,0.00018053,0.99982
1858,719916408,Existing Customer,34,M,5,Graduate,Married,$60K - $80K,Blue,27,5,2,2,2501.0,1909,592.0,0.956,1850,34,1.125,0.763,0.00011751,0.99988
1954,715478733,Existing Customer,56,F,5,Graduate,Married,Less than $40K,Blue,36,5,4,4,3088.0,2517,571.0,0.848,2292,54,0.862,0.815,0.00064375,0.99936
2001,714118383,Existing Customer,49,F,5,Graduate,Married,Less than $40K,Blue,43,4,2,3,8154.0,0,8154.0,0.964,2223,72,0.946,0.0,0.00019764,0.9998
2018,819258408,Existing Customer,47,F,5,Graduate,Single,Less than $40K,Blue,42,4,2,4,2224.0,1106,1118.0,0.501,1698,41,0.367,0.497,0.00033714,0.99966
2144,719596908,Existing Customer,56,F,5,Doctorate,Married,Unknown,Blue,48,4,2,2,11281.0,2118,9163.0,0.534,1255,30,0.304,0.188,0.00017004,0.99983
2194,717487983,Existing Customer,39,M,5,Unknown,Married,$80K - $120K,Blue,36,4,3,3,19435.0,2120,17315.0,0.625,2062,55,0.486,0.109,0.00034328,0.99966
2199,798962058,Existing Customer,36,F,5,Graduate,Married,Less than $40K,Blue,30,3,3,3,3103.0,2399,704.0,0.581,1836,48,0.655,0.773,0.00031231,0.99969
2233,714038433,Existing Customer,37,F,5,High School,Single,$40K - $60K,Blue,19,4,1,2,3252.0,1987,1265.0,0.658,2953,72,0.714,0.611,5.5277e-05,0.99994
2306,792912708,Existing Customer,45,M,5,Graduate,Married,$40K - $60K,Silver,39,3,1,5,15198.0,2098,13100.0,0.8,3183,64,0.73,0.138,0.00025509,0.99974
2516,787231233,Existing Customer,34,M,5,Post-Graduate,Single,$80K - $120K,Silver,28,3,3,2,34516.0,1731,32785.0,0.605,2421,63,0.575,0.05,0.00019743,0.9998
2547,710159658,Existing Customer,46,M,5,High School,Married,$120K +,Blue,32,5,2,2,34516.0,1024,33492.0,0.72,2436,71,0.651,0.03,0.00011423,0.99989
2549,778844433,Existing Customer,49,M,5,Unknown,Single,$80K - $120K,Blue,30,3,2,1,20895.0,1808,19087.0,0.572,3210,65,0.667,0.087,7.7894e-05,0.99992
2551,773270058,Existing Customer,57,M,5,High School,Married,$80K - $120K,Blue,50,4,2,3,13427.0,0,13427.0,0.521,1337,27,0.588,0.0,0.00019213,0.99981
2571,714514983,Existing Customer,43,F,5,Graduate,Married,Less than $40K,Blue,35,3,6,4,5438.0,2214,3224.0,0.668,5029,75,0.562,0.407,0.00042056,0.99958
2605,717636933,Existing Customer,48,F,5,College,Divorced,$40K - $60K,Blue,40,3,1,1,4365.0,0,4365.0,0.598,3542,57,1.111,0.0,3.3338e-05,0.99997
2621,789656358,Existing Customer,49,F,5,Graduate,Married,$40K - $60K,Blue,35,5,2,1,11115.0,1292,9823.0,0.797,3956,74,0.609,0.116,7.0865e-05,0.99993
2622,715720083,Existing Customer,47,M,5,Unknown,Single,$80K - $120K,Blue,39,6,2,3,13241.0,0,13241.0,1.002,3157,76,0.551,0.0,0.00021724,0.99978
2700,720659283,Existing Customer,37,M,5,Graduate,Married,$60K - $80K,Blue,31,5,3,4,3351.0,1847,1504.0,0.67,1910,43,0.593,0.551,0.00053272,0.99947
2707,735008958,Existing Customer,42,M,5,Unknown,Married,$60K - $80K,Blue,35,6,3,2,13650.0,1253,12397.0,0.743,1703,53,0.71,0.092,0.00020412,0.9998
2721,719882583,Existing Customer,44,M,5,Graduate,Single,$60K - $80K,Blue,34,3,3,5,13477.0,2057,11420.0,0.684,3866,67,0.634,0.153,0.00092152,0.99908
2757,710958033,Existing Customer,49,F,5,Uneducated,Single,Less than $40K,Blue,39,3,2,2,1993.0,0,1993.0,0.539,4075,76,0.689,0.0,0.00012082,0.99988
2805,708382083,Existing Customer,49,M,5,High School,Married,$80K - $120K,Blue,36,6,2,2,2292.0,0,2292.0,0.976,2584,60,0.5,0.0,0.00011423,0.99989
2837,821150958,Existing Customer,52,M,5,Graduate,Single,$80K - $120K,Blue,47,3,1,1,2047.0,665,1382.0,0.605,3452,66,0.692,0.325,3.429e-05,0.99997
2892,709163358,Attrited Customer,41,M,5,Unknown,Single,$60K - $80K,Gold,32,2,3,4,34516.0,2517,31999.0,0.465,1727,35,0.458,0.073,0.99852,0.0014793
2932,789430083,Existing Customer,41,F,5,High School,Single,$40K - $60K,Blue,32,6,1,2,14987.0,1425,13562.0,0.8,4470,83,0.844,0.095,5.5277e-05,0.99994
2984,778170633,Existing Customer,48,M,5,Graduate,Married,$80K - $120K,Blue,38,6,2,2,34516.0,657,33859.0,0.723,3661,71,0.868,0.019,0.00011751,0.99988
2990,713267133,Existing Customer,41,F,5,Post-Graduate,Married,Less than $40K,Blue,33,3,1,2,6519.0,851,5668.0,0.679,3088,65,0.711,0.131,6.6908e-05,0.99993
2991,716263533,Existing Customer,44,M,5,High School,Married,$80K - $120K,Blue,36,3,2,2,2509.0,1464,1045.0,1.25,3166,72,0.946,0.583,0.00011423,0.99989
3010,709104333,Existing Customer,50,M,5,Post-Graduate,Married,$120K +,Silver,36,5,2,4,34516.0,891,33625.0,0.926,2687,64,0.778,0.026,0.00035844,0.99964
3025,711935283,Attrited Customer,55,M,5,Post-Graduate,Single,$80K - $120K,Blue,47,3,1,4,1438.3,0,1438.3,0.414,1427,36,0.333,0.0,0.99482,0.00518
3063,748617858,Existing Customer,35,M,5,Uneducated,Single,$60K - $80K,Blue,28,4,2,3,4587.0,1704,2883.0,0.903,2968,65,0.806,0.371,0.00020321,0.9998
3104,709950858,Existing Customer,45,M,5,College,Single,$80K - $120K,Blue,35,4,2,1,33755.0,2301,31454.0,0.751,3458,71,0.651,0.068,6.8897e-05,0.99993
3163,789593058,Existing Customer,46,M,5,College,Married,$60K - $80K,Blue,39,3,2,3,24248.0,1020,23228.0,1.19,3311,84,0.75,0.042,0.00019215,0.99981
3170,819997983,Existing Customer,53,M,5,Unknown,Married,$80K - $120K,Blue,48,6,1,0,9517.0,1869,7648.0,0.821,1453,26,0.857,0.196,2.3055e-05,0.99998
3209,717650133,Existing Customer,41,M,5,Graduate,Single,$60K - $80K,Blue,28,5,1,4,4821.0,1426,3395.0,0.898,3571,58,0.933,0.296,0.00016316,0.99984
3227,804673308,Attrited Customer,49,M,5,Uneducated,Married,$40K - $60K,Blue,44,2,3,4,3893.0,0,3893.0,0.662,1866,37,0.947,0.0,0.99818,0.00182139
3239,712146558,Existing Customer,48,F,5,Uneducated,Married,Less than $40K,Blue,30,3,2,3,2364.0,1619,745.0,0.585,3230,65,0.711,0.685,0.00020321,0.9998
3249,709830783,Existing Customer,47,M,5,Unknown,Single,$120K +,Silver,36,5,2,2,34516.0,1686,32830.0,0.937,4039,72,0.756,0.049,0.00011671,0.99988
3285,717242058,Attrited Customer,43,F,5,Graduate,Married,Less than $40K,Blue,39,2,3,4,3981.0,0,3981.0,0.764,2134,42,0.355,0.0,0.99813,0.00187266
3301,716786808,Existing Customer,40,M,5,Post-Graduate,Single,$60K - $80K,Blue,30,3,2,2,1659.0,0,1659.0,0.585,3838,66,0.692,0.0,0.00013827,0.99986
3309,772103208,Existing Customer,44,F,5,High School,Unknown,Unknown,Blue,33,4,3,2,13349.0,0,13349.0,0.882,3534,78,0.902,0.0,0.00018053,0.99982
3335,734924658,Existing Customer,47,F,5,High School,Married,Less than $40K,Blue,36,5,3,1,1478.0,792,686.0,0.873,4123,67,0.489,0.536,0.00010887,0.99989
3358,818903583,Existing Customer,44,M,5,Uneducated,Divorced,$60K - $80K,Blue,39,5,2,0,16034.0,1597,14437.0,0.775,3628,59,0.903,0.1,4.4569e-05,0.99996
3362,711538758,Attrited Customer,39,M,5,Graduate,Single,$60K - $80K,Blue,36,1,3,3,24657.0,633,24024.0,0.358,1954,46,0.394,0.026,0.99681,0.00319072
3411,718739508,Existing Customer,51,F,5,Unknown,Married,Less than $40K,Blue,39,6,2,4,5455.0,1217,4238.0,0.66,3863,67,0.811,0.223,0.00037057,0.99963
3424,715485483,Attrited Customer,39,F,5,Graduate,Married,Less than $40K,Blue,36,3,3,3,3664.0,0,3664.0,0.419,1479,44,0.913,0.0,0.99681,0.00319072
3429,717661908,Existing Customer,37,M,5,Doctorate,Single,$80K - $120K,Silver,36,4,1,1,34516.0,0,34516.0,0.711,2681,55,0.618,0.0,4.4837e-05,0.99996
3430,778459833,Existing Customer,42,M,5,Graduate,Married,$60K - $80K,Blue,27,3,2,3,11880.0,2025,9855.0,0.835,1789,42,1.471,0.17,0.00019764,0.9998
3434,721523658,Existing Customer,46,M,5,High School,Unknown,$120K +,Blue,26,4,3,3,34516.0,772,33744.0,0.979,3699,77,0.878,0.022,0.00030361,0.9997
3445,767564358,Existing Customer,47,F,5,Doctorate,Married,$40K - $60K,Blue,40,6,1,1,4748.0,1008,3740.0,0.484,3197,70,0.707,0.212,4.9622e-05,0.99995
3461,717569283,Existing Customer,47,M,5,Doctorate,Single,Less than $40K,Blue,36,3,1,2,8896.0,1338,7558.0,0.741,4252,70,0.591,0.15,8.2285e-05,0.99992
3474,714659133,Attrited Customer,47,M,5,High School,Married,$80K - $120K,Blue,37,2,2,2,9410.0,0,9410.0,0.586,2178,41,0.864,0.0,0.99132,0.00868
3486,711184983,Existing Customer,41,M,5,Unknown,Unknown,$80K - $120K,Blue,29,6,2,1,11191.0,0,11191.0,0.808,3839,73,0.78,0.0,7.7894e-05,0.99992
3487,779601783,Existing Customer,42,F,5,College,Married,Less than $40K,Blue,31,3,1,2,3476.0,700,2776.0,0.604,4364,88,0.517,0.201,5.5282e-05,0.99994
3493,714429258,Existing Customer,46,M,5,Doctorate,Single,$60K - $80K,Blue,39,4,3,3,11464.0,0,11464.0,1.02,3660,55,1.037,0.0,0.0004519,0.99955
3515,773457558,Existing Customer,45,F,5,College,Single,$40K - $60K,Silver,39,3,2,2,15677.0,1227,14450.0,0.76,3818,81,0.588,0.078,0.00010323,0.9999
3543,719462433,Existing Customer,42,F,5,Graduate,Single,Less than $40K,Blue,36,4,2,2,8464.0,1002,7462.0,0.598,4227,92,0.84,0.118,0.00011751,0.99988
3560,718788258,Existing Customer,52,M,5,Unknown,Married,$80K - $120K,Blue,40,3,3,4,30314.0,776,29538.0,0.705,3290,82,0.64,0.026,0.00058553,0.99941
3582,819151083,Existing Customer,46,M,5,High School,Single,$60K - $80K,Blue,41,3,3,4,7478.0,1775,5703.0,0.54,4042,79,0.491,0.237,0.00051788,0.99948
3585,710376708,Existing Customer,50,F,5,Uneducated,Single,Less than $40K,Blue,33,4,3,3,2837.0,1377,1460.0,0.564,3928,54,0.8,0.485,0.00032112,0.99968
3615,770708133,Existing Customer,47,F,5,High School,Single,Less than $40K,Blue,33,5,2,2,2169.0,1330,839.0,0.905,3833,64,1.065,0.613,0.00011423,0.99989
3618,715376508,Existing Customer,47,F,5,Graduate,Married,Less than $40K,Blue,42,3,5,1,2838.0,2517,321.0,0.625,3493,65,0.711,0.887,0.00012509,0.99987
3667,719168883,Attrited Customer,45,F,5,Unknown,Single,Less than $40K,Blue,34,1,4,1,5155.0,0,5155.0,1.014,2753,45,0.607,0.0,0.99332,0.00668
3690,710871108,Existing Customer,45,M,5,Uneducated,Divorced,$60K - $80K,Silver,36,4,2,4,31756.0,1459,30297.0,0.687,4759,70,0.556,0.046,0.00031322,0.99969
3734,805282908,Existing Customer,43,M,5,Graduate,Unknown,$40K - $60K,Blue,38,3,3,2,7599.0,1100,6499.0,0.365,4401,71,0.651,0.145,0.0001857,0.99981
3735,771246708,Existing Customer,40,M,5,Graduate,Unknown,$120K +,Blue,27,5,2,3,31954.0,2297,29657.0,0.516,4371,82,0.64,0.072,0.00019764,0.9998
3744,712943508,Existing Customer,48,F,5,Graduate,Married,Less than $40K,Blue,36,5,3,0,6921.0,1023,5898.0,0.816,4608,79,0.927,0.148,6.8504e-05,0.99993
3752,822898758,Existing Customer,44,F,5,Post-Graduate,Married,Less than $40K,Blue,40,3,3,4,4453.0,973,3480.0,0.908,3239,66,0.65,0.219,0.00062678,0.99937
3809,712542258,Existing Customer,47,F,5,Unknown,Married,Less than $40K,Blue,40,5,1,3,2950.0,2000,950.0,0.882,4742,79,0.837,0.678,0.00010512,0.99989
3828,793720908,Existing Customer,46,M,5,Uneducated,Single,$40K - $60K,Blue,40,6,2,2,7333.0,875,6458.0,0.807,3636,48,1.286,0.119,0.00012082,0.99988
3857,709229358,Existing Customer,46,F,5,Uneducated,Single,Less than $40K,Blue,38,6,1,4,2601.0,1604,997.0,0.853,4835,80,0.702,0.617,0.00016776,0.99983
3861,818308533,Existing Customer,47,M,5,Post-Graduate,Married,Less than $40K,Blue,41,4,2,1,3532.0,0,3532.0,0.82,3162,56,0.6,0.0,8.3385e-05,0.99992
3867,721252683,Existing Customer,40,M,5,Unknown,Married,$80K - $120K,Blue,33,4,2,4,34516.0,1501,33015.0,0.813,3368,64,0.641,0.043,0.00037057,0.99963
3874,717432933,Existing Customer,52,F,5,Unknown,Single,Unknown,Blue,36,3,1,3,3167.0,1387,1780.0,0.899,4587,76,0.551,0.438,0.00010512,0.99989
3899,716931183,Existing Customer,45,M,5,Uneducated,Single,$80K - $120K,Blue,38,3,4,4,7560.0,788,6772.0,1.193,4296,68,0.7,0.104,0.00066189,0.99934
3911,717826308,Existing Customer,49,F,5,Uneducated,Married,Less than $40K,Blue,36,6,2,4,2331.0,1798,533.0,0.847,4061,66,0.692,0.771,0.00034664,0.99965
3974,710003958,Existing Customer,48,F,5,Post-Graduate,Married,Less than $40K,Blue,40,3,3,3,1438.3,665,773.3,0.75,4100,84,0.615,0.462,0.00036747,0.99963
4022,772879158,Existing Customer,47,M,5,High School,Married,$60K - $80K,Blue,38,4,1,2,7357.0,1069,6288.0,0.77,3943,64,0.641,0.145,5.5277e-05,0.99994
4028,718109808,Existing Customer,38,M,5,College,Single,$60K - $80K,Blue,25,4,3,0,5597.0,1118,4479.0,0.753,4599,89,0.648,0.2,6.6602e-05,0.99993
4079,796236258,Existing Customer,48,F,5,High School,Single,$40K - $60K,Blue,42,5,1,2,2465.0,1128,1337.0,0.613,4030,86,0.483,0.458,5.5277e-05,0.99994
4103,716711433,Attrited Customer,48,M,5,High School,Married,$40K - $60K,Blue,39,3,3,1,7897.0,157,7740.0,0.699,2270,46,0.394,0.02,0.9909,0.0091
4137,712939533,Existing Customer,43,M,5,Graduate,Married,$60K - $80K,Blue,35,4,3,0,21585.0,986,20599.0,0.631,3789,70,0.75,0.046,6.8504e-05,0.99993
4141,709742958,Existing Customer,45,M,5,High School,Married,$60K - $80K,Blue,37,3,1,3,15626.0,1148,14478.0,1.028,3386,65,0.711,0.073,9.2974e-05,0.99991
4142,772695033,Attrited Customer,47,M,5,High School,Single,$80K - $120K,Blue,37,3,4,4,18800.0,2517,16283.0,0.482,1575,23,0.211,0.134,0.99841,0.00159436
4211,717078933,Existing Customer,40,F,5,Graduate,Single,Less than $40K,Blue,29,3,2,4,4205.0,2517,1688.0,0.652,4256,69,0.725,0.599,0.00033714,0.99966
4442,824163333,Existing Customer,43,F,5,Uneducated,Single,Less than $40K,Blue,39,3,2,4,3161.0,2424,737.0,0.617,4307,66,0.784,0.767,0.00034664,0.99965
4446,720334833,Existing Customer,39,F,5,College,Single,Less than $40K,Blue,30,4,1,2,4710.0,1869,2841.0,0.858,4719,91,0.655,0.397,5.5282e-05,0.99994
4450,721254858,Existing Customer,42,F,5,Graduate,Married,Less than $40K,Blue,18,6,1,1,1694.0,1074,620.0,0.78,3857,70,0.75,0.634,3.429e-05,0.99997
4483,717308433,Attrited Customer,49,M,5,Uneducated,Unknown,$60K - $80K,Blue,43,3,3,3,1960.0,0,1960.0,0.493,2253,39,0.345,0.0,0.9969,0.00310348
4516,779499933,Existing Customer,46,M,5,Uneducated,Unknown,$80K - $120K,Blue,28,6,1,1,34516.0,1259,33257.0,0.671,4300,94,0.741,0.036,3.5257e-05,0.99996
4541,710552733,Attrited Customer,42,M,5,Unknown,Married,$60K - $80K,Blue,36,2,3,2,4963.0,0,4963.0,0.637,2335,40,0.429,0.0,0.99513,0.00487428
4556,787291308,Existing Customer,42,F,5,Graduate,Married,Less than $40K,Blue,36,5,2,4,4228.0,1709,2519.0,0.493,4389,79,0.58,0.404,0.00033714,0.99966
4563,809809008,Existing Customer,47,F,5,Graduate,Married,Less than $40K,Blue,42,5,1,2,3111.0,1541,1570.0,0.656,4570,68,0.511,0.495,5.6861e-05,0.99994
4578,715844733,Existing Customer,45,M,5,High School,Married,$60K - $80K,Blue,36,6,3,2,2174.0,877,1297.0,0.644,4596,71,0.449,0.403,0.00018053,0.99982
4635,767256933,Existing Customer,43,M,5,Uneducated,Married,$60K - $80K,Blue,36,6,2,4,2621.0,598,2023.0,0.967,4852,85,0.771,0.228,0.00034664,0.99965
4647,710445183,Existing Customer,44,M,5,Doctorate,Single,$120K +,Blue,31,5,1,2,7567.0,2496,5071.0,0.709,4076,60,0.579,0.33,8.2285e-05,0.99992
4659,714575208,Existing Customer,49,M,5,Doctorate,Single,$40K - $60K,Blue,43,3,1,1,4951.0,2002,2949.0,0.684,4192,62,0.55,0.404,4.9622e-05,0.99995
4662,789466008,Existing Customer,47,M,5,Graduate,Married,$60K - $80K,Blue,38,5,3,4,24033.0,612,23421.0,0.635,3578,75,0.531,0.025,0.00053272,0.99947
4689,710125608,Existing Customer,45,F,5,Unknown,Single,Less than $40K,Blue,36,4,2,0,2679.0,1558,1121.0,0.997,4756,73,0.553,0.582,4.7646e-05,0.99995
4702,712971708,Existing Customer,43,F,5,Unknown,Single,Less than $40K,Blue,26,6,0,3,3139.0,1089,2050.0,1.034,4648,80,0.778,0.347,3.89e-05,0.99996
4704,782548758,Existing Customer,42,F,5,High School,Divorced,Less than $40K,Blue,36,5,2,3,2069.0,1288,781.0,0.81,5668,82,0.64,0.623,0.00019213,0.99981
4718,797491683,Attrited Customer,45,M,5,Unknown,Married,$80K - $120K,Silver,39,2,2,3,34516.0,1964,32552.0,0.624,2234,49,0.361,0.057,0.99493,0.00507
4723,712865583,Existing Customer,57,F,5,Graduate,Married,$40K - $60K,Blue,49,4,2,2,3301.0,2517,784.0,0.842,3939,69,1.226,0.762,0.00011751,0.99988
4750,715776033,Existing Customer,46,M,5,Uneducated,Single,$60K - $80K,Blue,33,4,1,3,3135.0,0,3135.0,0.572,4116,68,0.7,0.0,9.8335e-05,0.9999
4773,720135333,Existing Customer,45,F,5,Graduate,Single,Less than $40K,Blue,34,5,1,0,8694.0,961,7733.0,0.551,1753,49,0.441,0.111,2.0974e-05,0.99998
4783,778284783,Existing Customer,44,M,5,Unknown,Married,$60K - $80K,Blue,34,5,3,2,2791.0,1979,812.0,0.807,4617,70,0.628,0.709,0.00020412,0.9998
4785,716453883,Existing Customer,47,M,5,Unknown,Single,$120K +,Blue,39,6,3,1,3889.0,1839,2050.0,0.911,4423,63,0.703,0.473,0.0001231,0.99988
4792,718005108,Existing Customer,44,F,5,College,Married,Less than $40K,Blue,34,4,1,2,2096.0,1711,385.0,0.746,3692,68,0.744,0.816,5.5282e-05,0.99994
4815,717001908,Attrited Customer,41,F,5,Graduate,Married,Less than $40K,Blue,28,6,2,2,6936.0,0,6936.0,0.883,2874,44,0.63,0.0,0.99156,0.00844
4816,768972558,Existing Customer,43,M,5,High School,Married,$120K +,Blue,37,4,3,4,11099.0,0,11099.0,0.89,3980,77,0.75,0.0,0.00051788,0.99948
4848,789477483,Existing Customer,40,F,5,Unknown,Single,Unknown,Blue,31,6,3,1,4433.0,1488,2945.0,0.669,3847,76,0.9,0.336,0.0001231,0.99988
4887,712706058,Attrited Customer,44,F,5,Graduate,Single,Less than $40K,Blue,37,1,2,4,1491.0,0,1491.0,0.551,1970,46,0.484,0.0,0.99704,0.00295637
4894,770268933,Existing Customer,44,M,5,Unknown,Married,$60K - $80K,Silver,38,3,2,2,33521.0,928,32593.0,0.732,4115,66,0.535,0.028,0.00011671,0.99988
4933,717202908,Existing Customer,39,M,5,College,Married,$80K - $120K,Blue,29,3,3,4,34198.0,1804,32394.0,0.934,4270,59,0.639,0.053,0.00051793,0.99948
4943,715423233,Existing Customer,46,M,5,Unknown,Married,$60K - $80K,Blue,35,3,3,3,1790.0,796,994.0,0.722,3539,57,0.966,0.445,0.00034328,0.99966
4945,711120333,Existing Customer,43,M,5,Unknown,Married,$60K - $80K,Blue,36,3,5,1,7411.0,1341,6070.0,0.799,4278,80,0.633,0.181,0.00013749,0.99986
4953,716842908,Existing Customer,41,F,5,Uneducated,Single,Less than $40K,Blue,30,4,2,1,1762.0,1051,711.0,0.785,4986,80,0.739,0.596,7.2863e-05,0.99993
4987,714462558,Existing Customer,44,F,5,Unknown,Married,Unknown,Blue,36,4,2,3,5791.0,0,5791.0,0.645,4556,67,0.861,0.0,0.00021724,0.99978
5024,713431008,Existing Customer,46,F,5,High School,Married,Unknown,Blue,36,5,3,0,3562.0,0,3562.0,0.753,4198,77,0.75,0.0,6.6595e-05,0.99993
5028,778905033,Existing Customer,45,F,5,Graduate,Divorced,Less than $40K,Blue,26,3,5,2,1438.3,1226,212.3,0.638,3889,60,0.818,0.852,0.00020741,0.99979
5036,778397358,Attrited Customer,42,M,5,Unknown,Married,$60K - $80K,Blue,22,6,2,4,5096.0,0,5096.0,0.808,2574,43,0.483,0.0,0.99731,0.00269029
5051,708710283,Existing Customer,45,M,5,Doctorate,Married,$120K +,Silver,36,6,1,4,34516.0,2038,32478.0,1.007,4067,75,1.206,0.059,0.00021333,0.99979
5062,711445233,Existing Customer,42,F,5,Uneducated,Single,Less than $40K,Blue,36,6,3,1,1438.3,0,1438.3,0.813,4653,78,0.95,0.0,0.00011515,0.99988
5075,712949733,Existing Customer,46,M,5,High School,Single,$40K - $60K,Blue,37,3,2,3,6340.0,1985,4355.0,0.403,3536,61,0.419,0.313,0.00019213,0.99981
5089,793616883,Existing Customer,39,F,5,Graduate,Single,Less than $40K,Blue,33,5,2,2,1438.3,668,770.3,0.931,5205,78,0.773,0.464,0.00011751,0.99988
5099,718208358,Existing Customer,43,M,5,Uneducated,Married,$120K +,Blue,31,4,3,4,34516.0,830,33686.0,0.54,3789,57,0.541,0.024,0.00054773,0.99945
5139,716373483,Attrited Customer,48,F,5,Graduate,Married,Less than $40K,Blue,40,4,3,2,2860.0,2517,343.0,0.38,1544,45,0.364,0.88,0.99464,0.00536
5143,778372158,Existing Customer,49,F,5,High School,Married,$40K - $60K,Blue,33,6,3,2,2506.0,1549,957.0,0.752,4747,91,0.936,0.618,0.00018053,0.99982
5182,714058308,Attrited Customer,43,F,5,Uneducated,Single,Less than $40K,Blue,36,5,3,4,2689.0,2384,305.0,0.365,1941,53,0.656,0.887,0.99818,0.00182139
5187,758965158,Existing Customer,44,M,5,High School,Single,$80K - $120K,Blue,37,4,2,3,15638.0,1729,13909.0,0.843,4396,83,0.566,0.111,0.00019213,0.99981
5213,720202008,Existing Customer,47,F,5,Unknown,Single,$40K - $60K,Blue,40,4,3,4,3888.0,2517,1371.0,0.641,4377,88,0.725,0.647,0.00058553,0.99941
5214,714483033,Existing Customer,45,F,5,Unknown,Married,Unknown,Blue,40,3,2,2,14728.0,0,14728.0,0.708,4660,85,0.735,0.0,0.00012916,0.99987
5226,710701233,Existing Customer,44,F,5,Graduate,Single,Unknown,Blue,37,3,1,1,17785.0,1259,16526.0,0.806,3890,72,1.118,0.071,3.429e-05,0.99997
5234,708272808,Existing Customer,45,M,5,Graduate,Single,Less than $40K,Blue,36,4,2,1,2718.0,1474,1244.0,0.71,3542,59,0.639,0.542,7.0865e-05,0.99993
5306,820599333,Existing Customer,43,F,5,Graduate,Single,Less than $40K,Blue,38,6,2,2,1438.3,604,834.3,0.771,4469,85,0.932,0.42,0.00011751,0.99988
5345,821157183,Existing Customer,42,F,5,Unknown,Married,Less than $40K,Blue,37,5,2,3,2541.0,1398,1143.0,0.635,4698,88,0.833,0.55,0.00021724,0.99978
5368,789351783,Existing Customer,40,F,5,Graduate,Married,Less than $40K,Blue,30,3,2,2,2114.0,1618,496.0,0.664,4518,88,0.692,0.765,0.00011751,0.99988
5373,815596608,Existing Customer,48,F,5,Uneducated,Married,$40K - $60K,Blue,43,4,1,3,2866.0,921,1945.0,0.654,4615,72,0.6,0.321,9.8335e-05,0.9999
5414,788856408,Existing Customer,50,F,5,Uneducated,Married,Unknown,Blue,34,5,5,2,3317.0,1041,2276.0,0.923,4264,75,1.027,0.314,0.00021326,0.99979
5443,714487458,Attrited Customer,49,F,5,Graduate,Divorced,$40K - $60K,Blue,40,6,4,2,2920.0,0,2920.0,0.516,2306,39,0.625,0.0,0.99556,0.00443518
5471,770753733,Existing Customer,42,F,5,College,Single,Less than $40K,Blue,28,4,3,2,3044.0,1865,1179.0,0.852,4854,85,1.024,0.613,0.00018054,0.99982
5507,713025558,Attrited Customer,53,F,5,Doctorate,Single,Less than $40K,Blue,38,3,2,3,1438.3,0,1438.3,0.367,1935,47,0.469,0.0,0.99652,0.00348354
5552,712676208,Existing Customer,46,F,5,High School,Single,Less than $40K,Blue,36,6,3,3,1787.0,1324,463.0,0.684,4084,79,1.026,0.741,0.00030361,0.9997
5567,710842308,Existing Customer,41,F,5,Uneducated,Single,$40K - $60K,Blue,26,4,3,4,2264.0,928,1336.0,0.662,4150,83,0.844,0.41,0.00054773,0.99945
5590,714427608,Existing Customer,45,F,5,Post-Graduate,Married,Unknown,Blue,29,5,3,1,2555.0,681,1874.0,0.576,4888,78,0.814,0.267,0.00013178,0.99987
5624,716974383,Existing Customer,41,M,5,Graduate,Single,$80K - $120K,Blue,28,3,2,0,2491.0,1979,512.0,0.629,1911,35,0.75,0.794,4.3347e-05,0.99996
5634,712877733,Existing Customer,48,M,5,Graduate,Married,$80K - $120K,Blue,42,6,3,3,12882.0,1402,11480.0,0.783,4407,84,0.647,0.109,0.00031231,0.99969
5651,709892658,Existing Customer,48,F,5,Graduate,Single,Less than $40K,Blue,38,5,3,2,1605.0,1300,305.0,0.95,4495,67,0.718,0.81,0.0001857,0.99981
5701,712361583,Existing Customer,47,M,5,Graduate,Married,$80K - $120K,Silver,36,3,3,1,34516.0,760,33756.0,0.407,3756,67,0.558,0.022,0.00010119,0.9999
5709,708204033,Existing Customer,36,F,5,Unknown,Single,Less than $40K,Blue,24,3,1,1,2980.0,2093,887.0,0.522,4132,70,0.667,0.702,3.7691e-05,0.99996
5745,780372408,Existing Customer,43,F,5,High School,Single,Less than $40K,Blue,33,6,2,2,4976.0,866,4110.0,0.985,4317,69,0.568,0.174,0.00011423,0.99989
5774,718384233,Existing Customer,52,M,5,Doctorate,Single,$40K - $60K,Silver,39,4,2,2,17835.0,868,16967.0,0.723,4258,58,0.657,0.049,0.00015365,0.99985
5783,714204108,Existing Customer,45,F,5,Graduate,Single,Less than $40K,Blue,38,3,3,0,2144.0,1492,652.0,0.96,3859,55,0.571,0.696,6.8504e-05,0.99993
5791,708260208,Existing Customer,43,F,5,Uneducated,Single,Less than $40K,Blue,36,4,3,2,2057.0,1279,778.0,0.562,4321,76,0.689,0.622,0.00019094,0.99981
5792,713435058,Existing Customer,49,F,5,High School,Divorced,Less than $40K,Blue,42,5,2,3,1972.0,1489,483.0,0.69,4715,66,0.65,0.755,0.00019213,0.99981
5812,712484733,Existing Customer,47,M,5,Unknown,Single,$60K - $80K,Blue,32,6,2,3,8823.0,2517,6306.0,0.812,4674,85,0.848,0.285,0.00021724,0.99978
5818,712914783,Existing Customer,43,M,5,Graduate,Single,$40K - $60K,Blue,31,4,1,2,7564.0,0,7564.0,0.61,4743,82,0.822,0.0,5.6861e-05,0.99994
5876,711409833,Existing Customer,45,F,5,Uneducated,Married,Less than $40K,Blue,33,3,1,3,1830.0,650,1180.0,0.724,4838,71,0.972,0.355,9.8335e-05,0.9999
5903,708670608,Existing Customer,48,F,5,Uneducated,Married,Unknown,Blue,36,4,2,3,5495.0,2200,3295.0,0.696,5125,85,0.771,0.4,0.00020321,0.9998
5948,711893358,Existing Customer,46,M,5,High School,Married,$40K - $60K,Blue,37,6,2,1,2375.0,1196,1179.0,0.641,4087,66,0.833,0.504,6.889e-05,0.99993
5980,709747308,Existing Customer,41,M,5,Graduate,Married,$60K - $80K,Blue,36,4,4,3,4575.0,1344,3231.0,0.46,4726,64,0.561,0.294,0.00037742,0.99962
5984,715117008,Existing Customer,39,M,5,Uneducated,Married,$40K - $60K,Blue,36,4,2,3,1438.3,0,1438.3,0.677,4596,82,0.745,0.0,0.00020321,0.9998
5985,713944833,Existing Customer,46,M,5,Uneducated,Single,$60K - $80K,Blue,36,3,3,2,24512.0,766,23746.0,0.509,4561,78,0.368,0.031,0.00019094,0.99981
5998,714010383,Attrited Customer,47,F,5,Uneducated,Single,Unknown,Blue,40,5,4,5,3502.0,0,3502.0,0.531,1895,42,0.4,0.0,0.99913,0.00087171
6002,712578933,Attrited Customer,35,F,5,High School,Married,$40K - $60K,Blue,25,3,2,6,1438.3,0,1438.3,0.763,2500,44,0.517,0.0,0.999,0.00100312
6011,785262333,Attrited Customer,46,M,5,Uneducated,Unknown,$40K - $60K,Blue,40,5,4,3,6185.0,1960,4225.0,0.669,2225,45,0.875,0.317,0.99743,0.0025693
6037,710343783,Existing Customer,37,F,5,Unknown,Married,Less than $40K,Blue,29,6,1,2,2140.0,0,2140.0,0.602,4610,65,1.321,0.0,6.2502e-05,0.99994
6057,771020133,Existing Customer,45,F,5,Uneducated,Single,Less than $40K,Blue,32,3,3,0,2859.0,1776,1083.0,0.79,4440,79,0.756,0.621,7.0436e-05,0.99993
6068,711607833,Existing Customer,43,M,5,High School,Married,$60K - $80K,Blue,36,5,2,1,2810.0,2384,426.0,0.859,4875,97,0.764,0.848,6.889e-05,0.99993
6115,717695058,Existing Customer,46,F,5,High School,Married,Unknown,Blue,35,3,1,3,4163.0,0,4163.0,0.743,4763,76,0.854,0.0,9.2974e-05,0.99991
6120,817094283,Existing Customer,43,F,5,Graduate,Married,Less than $40K,Blue,23,5,3,3,8597.0,903,7694.0,0.773,5173,78,0.733,0.105,0.00031231,0.99969
6145,713666058,Existing Customer,46,F,5,College,Divorced,$40K - $60K,Blue,38,6,1,3,3276.0,1915,1361.0,0.672,4264,76,0.617,0.585,9.2982e-05,0.99991
6170,789692283,Existing Customer,47,F,5,College,Single,Less than $40K,Blue,34,4,3,2,5950.0,0,5950.0,0.44,4655,66,0.784,0.0,0.00018054,0.99982
6180,708499608,Existing Customer,49,M,5,Post-Graduate,Single,$40K - $60K,Silver,36,6,1,2,15525.0,1299,14226.0,0.452,4042,78,0.95,0.084,6.0455e-05,0.99994
6229,708712833,Existing Customer,45,F,5,Graduate,Married,Less than $40K,Blue,36,4,1,2,2289.0,1037,1252.0,0.504,4483,72,0.5,0.453,5.6861e-05,0.99994
6241,709621008,Existing Customer,48,M,5,Post-Graduate,Single,$60K - $80K,Blue,30,6,3,2,5826.0,1482,4344.0,0.729,4135,76,0.767,0.254,0.0002185,0.99978
6258,713060283,Existing Customer,43,F,5,Graduate,Married,$40K - $60K,Blue,34,5,1,3,7135.0,1164,5971.0,1.127,3746,81,1.189,0.163,9.5638e-05,0.9999
6288,772590408,Existing Customer,41,M,5,Unknown,Married,$80K - $120K,Blue,31,3,3,1,12114.0,1379,10735.0,0.676,3964,90,0.837,0.114,0.0001231,0.99988
6322,714667608,Existing Customer,47,M,5,Post-Graduate,Married,$40K - $60K,Blue,36,4,3,2,6043.0,0,6043.0,0.627,4256,78,0.529,0.0,0.0002185,0.99978
6338,712493058,Existing Customer,42,F,5,High School,Single,Unknown,Blue,31,6,3,2,4972.0,0,4972.0,0.719,4524,72,0.756,0.0,0.00018053,0.99982
6346,752944533,Existing Customer,45,F,5,High School,Married,Less than $40K,Blue,34,4,1,2,2030.0,1269,761.0,0.646,5067,88,0.725,0.625,5.5277e-05,0.99994
6354,779486433,Existing Customer,46,F,5,Unknown,Single,Less than $40K,Blue,28,3,2,3,2424.0,2169,255.0,0.613,4209,76,0.767,0.895,0.00021724,0.99978
6365,714188883,Attrited Customer,46,F,5,Doctorate,Single,Less than $40K,Blue,37,3,2,2,1787.0,0,1787.0,0.654,2345,36,0.286,0.0,0.99415,0.00585
6385,789319458,Existing Customer,48,M,5,Uneducated,Single,$60K - $80K,Blue,38,6,2,3,22639.0,1481,21158.0,0.703,4219,65,0.477,0.065,0.00020321,0.9998
6416,712591983,Existing Customer,52,F,5,Graduate,Single,$40K - $60K,Blue,41,4,2,3,3035.0,1960,1075.0,0.566,4104,79,0.927,0.646,0.00019764,0.9998
6455,739317558,Existing Customer,48,M,5,Graduate,Married,$80K - $120K,Blue,35,4,3,3,9030.0,2369,6661.0,0.662,4899,84,0.867,0.262,0.00031231,0.99969
6461,720924633,Existing Customer,40,F,5,Graduate,Unknown,Less than $40K,Blue,27,4,2,1,1438.3,0,1438.3,0.984,4397,73,0.553,0.0,7.0865e-05,0.99993
6483,710074458,Existing Customer,41,F,5,High School,Divorced,Less than $40K,Blue,34,3,1,3,2137.0,996,1141.0,0.625,4290,90,0.875,0.466,9.2974e-05,0.99991
6548,714658233,Existing Customer,46,F,5,High School,Unknown,Less than $40K,Blue,37,4,3,3,1438.3,725,713.3,0.715,3916,79,0.795,0.504,0.00030361,0.9997
6551,714319233,Attrited Customer,44,M,5,Graduate,Divorced,$60K - $80K,Blue,36,3,3,6,6538.0,0,6538.0,0.556,2132,33,0.571,0.0,0.99938,0.00061727
6598,751518633,Attrited Customer,48,M,5,Post-Graduate,Single,$120K +,Silver,41,5,3,1,34516.0,2517,31999.0,0.553,2260,50,0.786,0.073,0.99167,0.00833
6599,769100508,Existing Customer,55,F,5,High School,Single,Less than $40K,Blue,49,6,2,1,2177.0,1472,705.0,0.787,5228,77,0.674,0.676,6.889e-05,0.99993
6653,780747033,Existing Customer,43,F,5,Graduate,Married,Unknown,Blue,34,5,1,3,3146.0,808,2338.0,0.711,4149,66,0.784,0.257,9.5638e-05,0.9999
6661,717325158,Existing Customer,46,F,5,Graduate,Married,$40K - $60K,Blue,33,3,1,1,1438.3,883,555.3,0.708,4474,63,0.853,0.614,3.429e-05,0.99997
6676,751150233,Existing Customer,43,M,5,Graduate,Single,Less than $40K,Blue,36,3,2,2,1438.3,0,1438.3,0.644,4459,65,0.477,0.0,0.00011751,0.99988
6688,710301858,Existing Customer,49,F,5,High School,Married,Unknown,Silver,36,6,2,2,34516.0,2019,32497.0,0.614,3820,72,0.532,0.058,0.00010322,0.9999
6696,715842183,Existing Customer,42,F,5,High School,Married,Less than $40K,Blue,35,5,4,3,1514.0,745,769.0,0.694,4004,69,0.683,0.492,0.00036691,0.99963
6737,712682583,Existing Customer,44,M,5,High School,Single,$60K - $80K,Blue,35,3,2,2,5947.0,995,4952.0,0.724,4984,90,0.765,0.167,0.00011423,0.99989
6745,713985183,Existing Customer,46,F,5,Graduate,Single,Less than $40K,Blue,38,4,5,2,2799.0,2412,387.0,0.877,4634,91,0.75,0.862,0.00020741,0.99979
6777,715328658,Attrited Customer,41,F,5,Post-Graduate,Married,Less than $40K,Blue,36,5,3,3,1495.0,0,1495.0,0.686,2622,70,0.628,0.0,0.99729,0.00271291
6866,779041983,Existing Customer,41,M,5,High School,Single,$40K - $60K,Blue,22,6,2,2,1438.3,0,1438.3,0.56,4439,81,1.025,0.0,0.00011423,0.99989
6920,771666783,Existing Customer,43,F,5,College,Married,$40K - $60K,Blue,31,5,1,1,5302.0,1136,4166.0,0.817,4883,68,0.581,0.214,3.3338e-05,0.99997
6922,772329183,Existing Customer,48,M,5,Unknown,Married,$40K - $60K,Blue,38,4,4,1,5219.0,1081,4138.0,0.568,3481,78,0.625,0.207,0.00014877,0.99985
6937,711497283,Existing Customer,54,F,5,Unknown,Married,Less than $40K,Blue,36,5,6,1,2708.0,1616,1092.0,0.669,4237,87,0.706,0.597,9.7174e-05,0.9999
6947,714418983,Existing Customer,43,M,5,Graduate,Single,$40K - $60K,Blue,33,4,2,1,1438.3,0,1438.3,0.643,4509,80,0.569,0.0,7.0865e-05,0.99993
6979,712161858,Attrited Customer,55,F,5,Unknown,Single,Less than $40K,Blue,36,4,2,3,1438.3,0,1438.3,0.571,2244,54,0.929,0.0,0.99542,0.00458119
7061,771408483,Existing Customer,48,M,5,Unknown,Unknown,$60K - $80K,Blue,36,4,1,2,4100.0,1956,2144.0,0.617,3584,61,0.743,0.477,6.2502e-05,0.99994
7073,711886383,Attrited Customer,54,F,5,High School,Married,Unknown,Blue,44,5,3,3,5342.0,605,4737.0,0.691,2426,46,0.394,0.113,0.99672,0.00328187
7081,809811858,Attrited Customer,43,M,5,High School,Unknown,$80K - $120K,Blue,38,3,3,2,1504.0,0,1504.0,0.987,2530,43,0.344,0.0,0.99449,0.00551
7103,721207908,Existing Customer,47,F,5,High School,Single,Less than $40K,Blue,37,5,2,3,1493.0,0,1493.0,0.605,4655,95,0.638,0.0,0.00019213,0.99981
7105,716758008,Existing Customer,40,M,5,High School,Single,$40K - $60K,Blue,20,5,2,1,2984.0,1879,1105.0,0.675,4813,83,0.729,0.63,6.889e-05,0.99993
7167,714390858,Existing Customer,48,F,5,Unknown,Single,Unknown,Blue,36,4,2,3,7645.0,931,6714.0,0.894,5016,73,0.622,0.122,0.00021724,0.99978
7190,753208833,Existing Customer,43,F,5,Uneducated,Married,$40K - $60K,Blue,36,5,3,2,2311.0,1320,991.0,0.658,3967,71,0.69,0.571,0.00019094,0.99981
7212,718572408,Existing Customer,45,F,5,Post-Graduate,Unknown,Less than $40K,Blue,36,5,2,3,2658.0,694,1964.0,0.722,4774,92,0.769,0.261,0.00023255,0.99977
7227,803380383,Existing Customer,46,F,5,Graduate,Divorced,Less than $40K,Blue,40,3,3,3,1592.0,925,667.0,0.804,4615,90,0.667,0.581,0.00031231,0.99969
7251,717966933,Existing Customer,45,F,5,Uneducated,Married,Unknown,Blue,37,3,1,1,2467.0,1446,1021.0,0.73,5024,81,0.62,0.586,3.5257e-05,0.99996
7254,717570258,Existing Customer,46,M,5,Graduate,Married,Less than $40K,Blue,35,6,2,2,2206.0,1722,484.0,0.973,4455,67,0.763,0.781,0.00011751,0.99988
7269,718194858,Existing Customer,48,F,5,Graduate,Single,Unknown,Blue,35,5,2,3,1942.0,1488,454.0,0.816,4940,88,0.796,0.766,0.00019764,0.9998
7299,715778358,Existing Customer,45,M,5,Graduate,Married,$120K +,Blue,26,6,3,2,34516.0,797,33719.0,1.133,3643,59,1.034,0.023,0.0001857,0.99981
7325,717343833,Existing Customer,47,F,5,Uneducated,Unknown,Unknown,Blue,34,4,1,3,3127.0,2094,1033.0,0.709,4518,86,0.83,0.67,9.8335e-05,0.9999
7331,715306983,Attrited Customer,42,M,5,High School,Married,$60K - $80K,Blue,36,1,2,3,1866.0,0,1866.0,0.798,2833,42,0.355,0.0,0.99482,0.00518
7354,788767983,Existing Customer,43,M,5,Unknown,Single,$60K - $80K,Blue,24,3,1,3,4556.0,0,4556.0,0.961,4273,82,0.64,0.0,0.00010512,0.99989
7365,720114633,Existing Customer,44,F,5,High School,Single,Less than $40K,Blue,30,3,3,1,2709.0,1726,983.0,0.698,5056,89,0.78,0.637,0.00010887,0.99989
7407,715672458,Existing Customer,47,M,5,Graduate,Single,$60K - $80K,Blue,36,6,3,2,2721.0,1264,1457.0,0.796,4557,71,0.972,0.465,0.0001857,0.99981
7409,819688458,Attrited Customer,44,F,5,Graduate,Unknown,Less than $40K,Blue,39,6,3,2,1545.0,0,1545.0,0.749,2646,39,0.444,0.0,0.99464,0.00536
7433,791754258,Existing Customer,49,F,5,Graduate,Married,Unknown,Blue,43,4,3,2,2557.0,2351,206.0,0.807,4342,73,1.147,0.919,0.0001857,0.99981
7452,716237508,Existing Customer,44,F,5,High School,Married,Unknown,Blue,36,4,3,2,5254.0,2507,2747.0,0.751,4501,64,0.641,0.477,0.00018053,0.99982
7453,714735033,Existing Customer,45,F,5,Doctorate,Married,Less than $40K,Blue,34,4,2,2,1438.3,491,947.3,0.708,4376,84,0.787,0.341,0.00017004,0.99983
7459,716099958,Attrited Customer,39,F,5,Unknown,Married,$40K - $60K,Blue,31,3,3,6,3333.0,1867,1466.0,0.947,3348,50,0.282,0.56,0.99944,0.0005616
7485,719911458,Existing Customer,49,F,5,High School,Married,Less than $40K,Blue,36,4,2,3,2598.0,1848,750.0,0.547,4396,78,0.814,0.711,0.00019213,0.99981
7501,717856983,Existing Customer,42,F,5,Uneducated,Married,Unknown,Blue,29,3,2,3,1840.0,1267,573.0,0.605,4515,76,0.49,0.689,0.00020321,0.9998
7542,717273333,Existing Customer,49,M,5,College,Married,$80K - $120K,Blue,37,3,2,2,29219.0,0,29219.0,0.77,4575,84,0.68,0.0,0.00011424,0.99989
7548,717971208,Existing Customer,39,F,5,Graduate,Single,Less than $40K,Blue,28,3,3,2,2077.0,0,2077.0,0.59,3647,69,0.917,0.0,0.0001857,0.99981
7578,708669408,Existing Customer,54,M,5,College,Single,$60K - $80K,Blue,45,6,1,3,20401.0,0,20401.0,0.723,4637,75,0.562,0.0,9.2982e-05,0.99991
7587,779404383,Existing Customer,47,F,5,Uneducated,Divorced,Unknown,Blue,36,6,2,3,12581.0,1235,11346.0,0.611,4427,76,1.303,0.098,0.00020321,0.9998
7601,772415808,Existing Customer,48,F,5,Post-Graduate,Married,$40K - $60K,Blue,38,3,3,1,2926.0,716,2210.0,0.949,4219,78,0.592,0.245,0.00013178,0.99987
7616,719592483,Existing Customer,43,F,5,Graduate,Single,Unknown,Blue,34,6,6,3,4607.0,2440,2167.0,0.646,4825,77,0.878,0.53,0.00024655,0.99975
7621,827712108,Existing Customer,42,F,5,Graduate,Married,Less than $40K,Blue,38,5,1,2,2346.0,1373,973.0,0.73,4432,72,0.756,0.585,5.6861e-05,0.99994
7623,779114283,Existing Customer,40,F,5,High School,Single,Less than $40K,Blue,22,3,1,2,1826.0,944,882.0,0.686,4528,65,0.667,0.517,5.5277e-05,0.99994
7651,721269108,Existing Customer,45,F,5,Graduate,Single,Less than $40K,Blue,33,5,3,3,2288.0,1249,1039.0,0.605,4504,87,0.706,0.546,0.00031231,0.99969
7654,779866458,Existing Customer,40,F,5,Uneducated,Married,Less than $40K,Blue,24,6,1,1,2038.0,793,1245.0,0.682,3513,67,0.634,0.389,3.5257e-05,0.99996
7656,710752233,Attrited Customer,43,F,5,High School,Unknown,$40K - $60K,Blue,24,3,2,2,4430.0,2203,2227.0,1.046,2742,49,0.4,0.497,0.99132,0.00868
7673,719532108,Existing Customer,40,F,5,High School,Married,Less than $40K,Blue,31,4,2,2,2813.0,2208,605.0,0.877,4491,68,0.744,0.785,0.00011423,0.99989
7691,709071408,Existing Customer,56,F,5,Graduate,Single,$40K - $60K,Blue,37,4,2,1,2607.0,1702,905.0,0.802,4949,74,0.762,0.653,7.0865e-05,0.99993
7695,787529583,Attrited Customer,41,F,5,Unknown,Married,$40K - $60K,Blue,30,5,2,3,1588.0,0,1588.0,0.634,2561,61,0.649,0.0,0.99542,0.00458119
7708,712613808,Existing Customer,45,F,5,College,Single,Unknown,Blue,32,3,3,3,5999.0,658,5341.0,0.638,4283,69,0.605,0.11,0.00030364,0.9997
7719,715390608,Existing Customer,45,F,5,Graduate,Married,Less than $40K,Blue,39,5,3,2,2867.0,1209,1658.0,0.727,5311,81,0.976,0.422,0.0001857,0.99981
7731,817337958,Existing Customer,48,F,5,Doctorate,Married,Less than $40K,Blue,33,2,1,3,5814.0,1176,4638.0,0.627,3796,74,1.056,0.202,0.0001384,0.99986
7740,719971458,Existing Customer,49,M,5,Graduate,Single,$80K - $120K,Blue,41,2,3,2,5275.0,1490,3785.0,0.533,4213,74,1.114,0.282,0.0001857,0.99981
7749,715335558,Existing Customer,43,F,5,Uneducated,Single,Less than $40K,Blue,36,2,1,2,1855.0,907,948.0,0.816,4191,81,0.761,0.489,5.8465e-05,0.99994
7752,721525758,Existing Customer,45,M,5,Doctorate,Married,$80K - $120K,Blue,35,2,2,2,2226.0,1229,997.0,0.784,4928,77,0.638,0.552,0.00017004,0.99983
7753,716249508,Existing Customer,48,F,5,High School,Married,$40K - $60K,Blue,36,3,2,1,1610.0,0,1610.0,0.424,4243,85,0.848,0.0,6.889e-05,0.99993
7758,719964933,Existing Customer,50,F,5,Graduate,Single,Less than $40K,Blue,41,3,2,2,1438.3,0,1438.3,0.683,4550,78,0.857,0.0,0.00011751,0.99988
7794,779642733,Existing Customer,42,F,5,Unknown,Married,Less than $40K,Blue,25,3,1,1,2812.0,2238,574.0,0.713,4823,77,0.833,0.796,3.7691e-05,0.99996
7813,714671658,Existing Customer,38,F,5,Graduate,Married,Less than $40K,Blue,31,2,5,2,2153.0,1392,761.0,0.787,4268,85,0.667,0.647,0.00020741,0.99979
7814,779218233,Existing Customer,47,F,5,Post-Graduate,Single,Less than $40K,Blue,37,2,3,3,9430.0,0,9430.0,0.68,4115,75,0.923,0.0,0.00036747,0.99963
7836,812671758,Attrited Customer,47,F,5,Doctorate,Married,Unknown,Blue,42,3,5,3,4345.0,2176,2169.0,0.752,2458,44,0.467,0.501,0.99802,0.00197641
7850,798045708,Existing Customer,42,F,5,Graduate,Married,$40K - $60K,Blue,36,2,1,1,7434.0,0,7434.0,0.63,4182,76,1.171,0.0,3.429e-05,0.99997
7862,711589758,Existing Customer,42,M,5,High School,Married,$60K - $80K,Blue,32,1,2,2,4162.0,1641,2521.0,0.719,3967,75,0.923,0.394,0.00011423,0.99989
7874,708652908,Existing Customer,47,F,5,Uneducated,Married,Less than $40K,Blue,36,1,6,1,2291.0,1419,872.0,0.725,4498,81,0.761,0.619,9.0898e-05,0.99991
7940,780222408,Existing Customer,49,F,5,Graduate,Unknown,Less than $40K,Blue,36,1,3,2,3272.0,2085,1187.0,0.417,4444,83,0.627,0.637,0.0001857,0.99981
7959,771907158,Existing Customer,54,M,5,Unknown,Married,$120K +,Blue,42,1,1,3,3731.0,1903,1828.0,0.915,4667,88,0.725,0.51,0.00010512,0.99989
7971,709520058,Attrited Customer,53,M,5,Uneducated,Married,$120K +,Blue,38,4,2,2,19138.0,0,19138.0,0.482,2028,43,0.303,0.0,0.99179,0.00821
7983,715463133,Existing Customer,40,M,5,High School,Single,$120K +,Blue,31,1,1,3,34516.0,1427,33089.0,0.706,3699,64,0.488,0.041,9.2974e-05,0.99991
8002,812089383,Existing Customer,41,M,5,Unknown,Single,$80K - $120K,Blue,36,1,2,3,1438.3,892,546.3,0.79,4426,88,0.66,0.62,0.00021724,0.99978
8006,716851908,Existing Customer,58,F,5,Unknown,Married,$40K - $60K,Blue,47,1,3,3,2038.0,1099,939.0,0.809,4784,70,0.75,0.539,0.00034328,0.99966
8030,710981583,Existing Customer,44,F,5,Unknown,Single,$40K - $60K,Blue,36,2,1,2,3891.0,1015,2876.0,0.755,5131,86,0.72,0.261,6.2502e-05,0.99994
8111,814181433,Existing Customer,46,M,5,College,Married,$40K - $60K,Blue,41,1,3,2,3914.0,1683,2231.0,0.636,4242,64,0.73,0.43,0.00018054,0.99982
8114,711356733,Existing Customer,45,F,5,Unknown,Single,Less than $40K,Blue,36,2,2,3,3883.0,847,3036.0,0.951,4667,90,0.8,0.218,0.00021724,0.99978
8143,716968683,Existing Customer,46,F,5,High School,Single,Unknown,Blue,38,2,2,3,11287.0,1513,9774.0,0.672,5157,72,0.946,0.134,0.00019213,0.99981
8149,711382458,Attrited Customer,43,M,5,Graduate,Married,$60K - $80K,Blue,38,2,3,5,1438.3,0,1438.3,0.713,2389,49,0.361,0.0,0.99892,0.00108299
8176,710780883,Existing Customer,48,F,5,Uneducated,Single,$40K - $60K,Blue,38,1,2,3,2446.0,1461,985.0,0.86,4610,78,0.773,0.597,0.00020321,0.9998
8177,785237958,Attrited Customer,45,M,5,College,Married,$60K - $80K,Blue,39,2,3,3,3439.0,0,3439.0,0.825,2661,35,0.296,0.0,0.99672,0.00328158
8179,710797833,Existing Customer,50,F,5,Graduate,Married,Less than $40K,Blue,30,1,3,2,2033.0,841,1192.0,0.717,4360,95,0.696,0.414,0.0001857,0.99981
8241,808891983,Existing Customer,42,F,5,Graduate,Unknown,Less than $40K,Blue,37,2,3,2,6250.0,1835,4415.0,0.644,4042,60,0.714,0.294,0.0001857,0.99981
8252,715191258,Existing Customer,47,F,5,Unknown,Married,Unknown,Blue,41,1,2,3,2675.0,1999,676.0,0.679,4138,64,0.561,0.747,0.00021724,0.99978
8254,718086783,Existing Customer,50,M,5,Uneducated,Married,$120K +,Blue,36,2,2,1,13478.0,0,13478.0,0.929,4738,56,0.867,0.0,7.2863e-05,0.99993
8266,807589908,Existing Customer,47,F,5,Unknown,Married,Less than $40K,Blue,42,1,2,1,1778.0,822,956.0,0.68,4189,80,0.667,0.462,7.7894e-05,0.99992
8281,713497983,Existing Customer,49,M,5,High School,Single,$60K - $80K,Blue,36,1,2,2,5578.0,0,5578.0,0.627,3459,53,0.71,0.0,0.00011423,0.99989
8312,714080433,Existing Customer,40,F,5,College,Married,$40K - $60K,Blue,36,2,3,2,3144.0,1787,1357.0,0.685,4758,67,0.558,0.568,0.00018054,0.99982
8336,720463833,Existing Customer,42,M,5,Uneducated,Single,$60K - $80K,Blue,36,1,1,2,6618.0,1738,4880.0,0.72,5022,76,0.854,0.263,5.8465e-05,0.99994
8361,719922558,Existing Customer,45,F,5,Unknown,Divorced,$40K - $60K,Blue,33,2,2,3,1438.3,0,1438.3,0.739,5346,84,0.787,0.0,0.00021724,0.99978
8364,772216833,Existing Customer,47,F,5,Graduate,Single,Less than $40K,Blue,36,1,2,1,2761.0,1950,811.0,0.582,4510,88,0.66,0.706,7.0865e-05,0.99993
8395,714695883,Existing Customer,45,F,5,Uneducated,Unknown,Less than $40K,Blue,36,1,2,3,2699.0,1583,1116.0,0.648,4071,75,0.829,0.587,0.00020321,0.9998
8407,712184133,Existing Customer,41,F,5,Graduate,Married,Less than $40K,Blue,24,2,3,3,2178.0,1408,770.0,0.635,5089,80,0.455,0.646,0.00031231,0.99969
8435,715380483,Existing Customer,54,F,5,Unknown,Single,Less than $40K,Blue,49,2,3,2,1476.0,0,1476.0,0.699,4462,75,0.786,0.0,0.00020412,0.9998
8447,788848458,Existing Customer,40,F,5,Unknown,Married,$40K - $60K,Blue,24,1,1,2,2803.0,1747,1056.0,0.954,5089,71,1.029,0.623,6.2502e-05,0.99994
8456,720980958,Existing Customer,43,F,5,Uneducated,Married,Less than $40K,Blue,30,1,3,2,3092.0,909,2183.0,0.832,4797,87,0.851,0.294,0.00019094,0.99981
8462,788715483,Existing Customer,44,F,5,Graduate,Single,Less than $40K,Blue,28,2,2,2,1558.0,879,679.0,0.874,4805,86,0.792,0.564,0.00011751,0.99988
8509,771356508,Existing Customer,41,F,5,Graduate,Married,Less than $40K,Blue,28,2,3,1,2665.0,1936,729.0,0.757,4500,71,0.972,0.726,0.00011199,0.99989
8525,807149058,Existing Customer,48,F,5,Unknown,Married,Less than $40K,Blue,43,1,1,3,2876.0,1628,1248.0,0.631,4752,80,0.739,0.566,0.00010512,0.99989
8526,771045708,Attrited Customer,41,F,5,Graduate,Married,Less than $40K,Blue,28,2,3,3,1504.0,970,534.0,0.864,2801,51,1.217,0.645,0.99681,0.00319072
8551,711232608,Attrited Customer,47,F,5,High School,Single,Less than $40K,Blue,36,2,3,2,1636.0,0,1636.0,0.694,2235,35,0.591,0.0,0.99449,0.00551
8618,778894233,Existing Customer,42,M,5,High School,Unknown,$80K - $120K,Blue,23,3,2,3,7253.0,0,7253.0,0.644,7595,83,0.804,0.0,0.00019213,0.99981
8709,719272458,Existing Customer,53,F,5,Graduate,Single,$40K - $60K,Blue,41,2,1,3,9815.0,1699,8116.0,0.62,7962,89,0.561,0.173,9.5638e-05,0.9999
8734,758211483,Existing Customer,45,M,5,Unknown,Married,$60K - $80K,Blue,38,1,2,3,6895.0,2314,4581.0,0.84,8778,85,0.604,0.336,0.00021724,0.99978
8762,717859233,Existing Customer,41,M,5,Graduate,Married,$80K - $120K,Blue,37,1,3,2,12578.0,2517,10061.0,0.875,8362,82,0.64,0.2,0.0001857,0.99981
8772,721486908,Existing Customer,51,F,5,High School,Single,Less than $40K,Blue,36,1,1,1,7645.0,2076,5569.0,0.759,7710,75,0.875,0.272,3.3335e-05,0.99997
8776,708153558,Existing Customer,46,M,5,Doctorate,Divorced,$120K +,Blue,31,1,2,2,34516.0,1802,32714.0,0.871,7936,101,0.485,0.052,0.00017004,0.99983
8783,711084183,Existing Customer,47,F,5,Uneducated,Unknown,$40K - $60K,Blue,42,2,2,3,5168.0,2265,2903.0,0.715,8211,80,0.818,0.438,0.00020321,0.9998
8789,788240358,Existing Customer,40,F,5,Graduate,Married,Unknown,Silver,24,2,1,2,33441.0,686,32755.0,0.761,8452,83,0.509,0.021,5.1378e-05,0.99995
8790,716098683,Existing Customer,46,F,5,Graduate,Unknown,Unknown,Blue,36,2,3,1,5496.0,1816,3680.0,0.678,7985,93,0.603,0.33,0.00011199,0.99989
8826,720198183,Existing Customer,42,M,5,College,Married,$40K - $60K,Blue,27,1,3,1,2437.0,1718,719.0,0.608,8028,77,0.54,0.705,0.00010888,0.99989
8842,778430733,Existing Customer,45,M,5,High School,Unknown,$60K - $80K,Blue,25,1,5,1,12399.0,1461,10938.0,0.645,7855,82,0.414,0.118,0.0001216,0.99988
8860,719258433,Existing Customer,49,M,5,Graduate,Single,$60K - $80K,Blue,42,2,1,3,7801.0,2018,5783.0,0.684,7561,91,0.685,0.259,9.5638e-05,0.9999
8883,711370458,Existing Customer,49,F,5,Graduate,Married,Less than $40K,Gold,38,1,2,2,15016.0,2016,13000.0,0.709,7685,84,0.527,0.134,0.00013538,0.99986
8887,788916933,Existing Customer,49,M,5,College,Married,$60K - $80K,Gold,35,1,2,2,34516.0,1064,33452.0,0.796,8095,81,0.62,0.031,0.00013162,0.99987
8893,719813058,Existing Customer,44,F,5,Unknown,Married,Less than $40K,Blue,34,2,1,3,2490.0,1235,1255.0,0.823,8065,88,0.76,0.496,0.00010512,0.99989
8963,708905733,Existing Customer,45,M,5,Uneducated,Single,$60K - $80K,Blue,32,1,2,1,20633.0,1989,18644.0,0.67,7570,91,0.655,0.096,7.2863e-05,0.99993
8972,788618208,Existing Customer,42,F,5,Unknown,Single,Less than $40K,Blue,30,2,3,3,8325.0,0,8325.0,0.823,8198,90,0.915,0.0,0.00034328,0.99966
8975,720425508,Existing Customer,43,M,5,Graduate,Single,$80K - $120K,Blue,36,1,1,3,7196.0,696,6500.0,0.839,8689,93,0.898,0.097,9.5638e-05,0.9999
8978,820330008,Existing Customer,46,M,5,High School,Married,$120K +,Blue,42,1,1,3,32926.0,1540,31386.0,0.862,8231,98,0.556,0.047,9.2974e-05,0.99991
8983,789827208,Existing Customer,41,F,5,Graduate,Married,Less than $40K,Blue,31,2,3,1,7531.0,1692,5839.0,0.771,7768,92,0.878,0.225,0.00011199,0.99989
9014,711742758,Attrited Customer,43,F,5,College,Single,$40K - $60K,Blue,32,2,3,1,11508.0,0,11508.0,1.005,5242,74,0.574,0.0,0.9909,0.0091
9022,714880533,Existing Customer,40,M,5,Graduate,Single,$40K - $60K,Blue,36,2,2,3,2849.0,1741,1108.0,0.791,8669,99,0.768,0.611,0.00019764,0.9998
9023,808287408,Existing Customer,45,M,5,Graduate,Married,$80K - $120K,Blue,40,1,2,0,29227.0,1151,28076.0,0.73,8420,100,0.852,0.039,4.3347e-05,0.99996
9029,768733533,Existing Customer,53,M,5,Uneducated,Unknown,$80K - $120K,Blue,47,2,3,2,2340.0,1612,728.0,0.696,8851,88,0.833,0.689,0.00019094,0.99981
9049,718006608,Existing Customer,44,F,5,Uneducated,Single,Less than $40K,Blue,36,1,3,1,7742.0,1163,6579.0,0.729,9081,100,0.852,0.15,0.00011515,0.99988
9119,815582358,Existing Customer,47,F,5,Unknown,Unknown,Less than $40K,Blue,42,2,1,2,2519.0,1584,935.0,0.76,8852,95,0.759,0.629,6.2502e-05,0.99994
9145,713552958,Existing Customer,43,M,5,Graduate,Unknown,$60K - $80K,Blue,28,1,3,1,12773.0,1637,11136.0,0.919,14833,114,0.583,0.128,0.00011199,0.99989
9151,711814608,Existing Customer,41,F,5,High School,Married,$40K - $60K,Silver,36,2,1,1,19281.0,1805,17476.0,0.893,15423,110,0.692,0.094,3.012e-05,0.99997
9152,803216433,Attrited Customer,43,F,5,Graduate,Married,Less than $40K,Silver,33,6,3,2,14806.0,2517,12289.0,0.558,4804,57,0.462,0.17,0.99408,0.00592
9173,780588258,Existing Customer,53,F,5,Unknown,Married,Less than $40K,Blue,42,1,2,2,4021.0,1745,2276.0,0.784,14567,120,0.846,0.434,0.00012916,0.99987
9174,710833908,Existing Customer,45,M,5,High School,Married,$80K - $120K,Blue,25,1,3,3,25601.0,1384,24217.0,0.745,12896,100,0.852,0.054,0.00030361,0.9997
9215,789594108,Existing Customer,47,M,5,College,Single,$80K - $120K,Blue,41,1,1,3,3429.0,1779,1650.0,0.938,14107,99,0.65,0.519,9.2982e-05,0.99991
9232,716881683,Attrited Customer,45,M,5,Uneducated,Married,$80K - $120K,Blue,34,2,3,3,3435.0,2517,918.0,0.332,5567,51,0.545,0.733,0.9969,0.00310348
9236,768643158,Existing Customer,44,F,5,Graduate,Divorced,Less than $40K,Blue,38,2,1,3,3842.0,2459,1383.0,0.691,13598,119,0.725,0.64,9.5638e-05,0.9999
9238,721188033,Existing Customer,48,M,5,College,Married,Less than $40K,Blue,39,2,3,1,6797.0,2239,4558.0,0.922,16171,112,0.778,0.329,0.00010888,0.99989
9247,708572658,Existing Customer,49,M,5,Graduate,Married,$60K - $80K,Silver,38,1,1,2,29531.0,2088,27443.0,0.843,15039,120,0.69,0.071,5.1378e-05,0.99995
9250,716260833,Attrited Customer,56,F,5,Unknown,Single,Less than $40K,Blue,36,6,3,5,4668.0,2517,2151.0,1.062,8331,63,0.853,0.539,0.99901,0.00098535
9256,709373883,Existing Customer,37,F,5,Unknown,Married,$40K - $60K,Silver,36,1,1,2,19055.0,2517,16538.0,0.915,15091,124,0.676,0.132,5.6474e-05,0.99994
9294,721169883,Existing Customer,41,M,5,College,Married,$60K - $80K,Blue,31,1,3,2,5002.0,1945,3057.0,1.035,16161,109,0.787,0.389,0.00018054,0.99982
9329,715832058,Existing Customer,40,F,5,Graduate,Unknown,Less than $40K,Blue,36,2,2,3,4512.0,1172,3340.0,0.706,14414,98,0.815,0.26,0.00019764,0.9998
9382,709075533,Attrited Customer,41,M,5,Uneducated,Single,$80K - $120K,Blue,32,4,3,3,12094.0,0,12094.0,0.995,8607,90,0.957,0.0,0.9969,0.00310348
9389,714608583,Attrited Customer,45,M,5,High School,Divorced,$120K +,Blue,36,2,3,2,5287.0,0,5287.0,0.841,8392,69,0.683,0.0,0.99449,0.00551
9405,712517808,Existing Customer,42,M,5,High School,Married,$60K - $80K,Blue,36,2,4,3,3275.0,1525,1750.0,0.749,14830,112,0.697,0.466,0.00036691,0.99963
9430,718357458,Existing Customer,48,M,5,Unknown,Single,$60K - $80K,Blue,36,2,3,0,3862.0,0,3862.0,0.807,15282,125,0.712,0.0,7.5299e-05,0.99992
9449,713475633,Existing Customer,40,M,5,Unknown,Single,$120K +,Silver,31,1,3,3,34516.0,2203,32313.0,0.728,14204,96,0.92,0.064,0.00031018,0.99969
9453,711422358,Existing Customer,42,M,5,Post-Graduate,Unknown,$40K - $60K,Blue,36,1,2,2,10531.0,2330,8201.0,0.757,14955,118,0.662,0.221,0.00013827,0.99986
9578,715714458,Attrited Customer,48,M,5,Graduate,Single,$40K - $60K,Blue,38,2,3,3,4446.0,0,4446.0,0.963,8753,76,0.949,0.0,0.99681,0.00319072
9644,779685558,Existing Customer,53,M,5,Graduate,Single,$120K +,Gold,36,2,4,1,34516.0,2088,32428.0,0.822,15290,123,0.732,0.06,0.00015593,0.99984
9647,718979733,Existing Customer,52,M,5,Unknown,Single,$60K - $80K,Blue,36,2,3,2,23712.0,2195,21517.0,0.754,16258,115,0.855,0.093,0.00020412,0.9998
9659,789817833,Attrited Customer,44,F,5,Post-Graduate,Unknown,Less than $40K,Blue,33,3,3,2,9073.0,2466,6607.0,0.446,6793,60,1.069,0.272,0.99545,0.00455475
9677,721107258,Existing Customer,45,F,5,Unknown,Unknown,Less than $40K,Blue,37,2,2,2,5465.0,1967,3498.0,0.644,14192,115,0.667,0.36,0.00012916,0.99987
9688,779571708,Attrited Customer,43,M,5,Graduate,Married,$60K - $80K,Blue,25,1,2,3,4259.0,0,4259.0,0.934,7993,71,0.651,0.0,0.99497,0.00503
9711,711523533,Existing Customer,43,M,5,Post-Graduate,Single,$60K - $80K,Blue,31,3,3,1,17230.0,1805,15425.0,0.788,14781,130,0.857,0.105,0.00013178,0.99987
9738,809147283,Existing Customer,43,F,5,Graduate,Married,Less than $40K,Gold,38,2,2,1,15987.0,1372,14615.0,0.649,15058,109,0.912,0.086,8.1644e-05,0.99992
9767,712487883,Attrited Customer,54,M,5,High School,Married,$80K - $120K,Blue,48,2,1,3,7464.0,0,7464.0,0.865,9071,74,1.0,0.0,0.98936,0.01064
9786,710697408,Existing Customer,41,F,5,Unknown,Married,Less than $40K,Blue,22,2,1,3,6739.0,896,5843.0,0.765,15471,115,0.855,0.133,0.00010512,0.99989
9787,710527533,Attrited Customer,45,M,5,College,Single,$40K - $60K,Blue,36,4,3,3,4982.0,0,4982.0,0.886,8586,58,1.0,0.0,0.99672,0.00328158
9796,768712383,Attrited Customer,51,M,5,Graduate,Divorced,$120K +,Blue,45,6,3,6,34516.0,0,34516.0,0.757,8173,91,1.022,0.0,0.99938,0.00061727
9797,711156858,Attrited Customer,48,F,5,High School,Single,Less than $40K,Blue,40,1,4,3,8297.0,2517,5780.0,0.899,9819,74,0.682,0.303,0.99728,0.00271707
9801,758617233,Existing Customer,56,F,5,Doctorate,Single,Less than $40K,Blue,49,3,3,2,4132.0,1559,2573.0,0.827,14781,108,0.688,0.377,0.00026871,0.99973
9839,721145433,Existing Customer,52,F,5,High School,Single,Less than $40K,Silver,36,3,2,2,11280.0,1523,9757.0,0.765,16237,128,0.753,0.135,0.00010322,0.9999
9868,718665033,Attrited Customer,44,M,5,Doctorate,Single,$60K - $80K,Silver,36,2,3,4,34140.0,0,34140.0,0.877,8177,76,0.52,0.0,0.99857,0.00143279
9874,717783483,Existing Customer,47,F,5,Post-Graduate,Divorced,Less than $40K,Blue,30,4,1,2,5016.0,2286,2730.0,0.669,17038,122,0.649,0.456,6.6908e-05,0.99993
9895,708880683,Existing Customer,49,M,5,College,Married,$40K - $60K,Blue,40,4,3,4,3970.0,892,3078.0,0.772,13697,102,0.759,0.225,0.00051793,0.99948
9904,716990883,Existing Customer,38,M,5,Unknown,Married,$80K - $120K,Blue,26,5,1,2,16033.0,766,15267.0,0.682,15260,115,0.855,0.048,6.2502e-05,0.99994
9936,709977933,Attrited Customer,52,M,5,Uneducated,Married,$80K - $120K,Blue,44,2,3,4,9959.0,199,9760.0,1.003,8517,60,0.5,0.02,0.99818,0.00182139
9950,712766208,Attrited Customer,45,M,5,Uneducated,Single,$120K +,Silver,36,4,2,1,34516.0,0,34516.0,0.732,8603,84,0.615,0.0,0.98504,0.01496
9956,804670758,Existing Customer,48,F,5,Unknown,Divorced,Unknown,Blue,43,4,3,2,20974.0,2249,18725.0,0.567,15903,121,0.571,0.107,0.00020412,0.9998
9978,768728508,Existing Customer,45,F,5,Doctorate,Married,Less than $40K,Gold,39,6,3,2,15987.0,1096,14891.0,0.625,14209,103,0.776,0.069,0.00030958,0.99969
9983,713994108,Existing Customer,40,M,5,High School,Married,$60K - $80K,Blue,33,3,1,2,4155.0,1315,2840.0,0.767,15851,128,0.855,0.316,5.5277e-05,0.99994
10000,712260633,Existing Customer,47,F,5,Doctorate,Single,Unknown,Blue,36,4,1,4,26923.0,2461,24462.0,0.602,13643,94,0.918,0.091,0.0002361,0.99976
10005,715545933,Existing Customer,43,M,5,Graduate,Married,$120K +,Blue,36,6,2,4,22355.0,2179,20176.0,0.726,14268,99,0.8,0.097,0.00033714,0.99966
10012,713833233,Existing Customer,49,M,5,Uneducated,Married,$80K - $120K,Silver,30,3,3,2,34516.0,1768,32748.0,0.767,15134,124,0.722,0.051,0.00017252,0.99983
10014,711686658,Existing Customer,48,M,5,High School,Married,$80K - $120K,Silver,40,6,2,2,34516.0,1417,33099.0,0.692,16579,109,0.879,0.041,0.00010322,0.9999
10045,755305683,Existing Customer,45,M,5,Graduate,Married,$60K - $80K,Blue,38,5,1,4,8983.0,0,8983.0,0.713,15163,124,0.746,0.0,0.00016316,0.99984
10089,720328983,Attrited Customer,52,F,5,Unknown,Married,Less than $40K,Blue,36,4,3,3,9611.0,0,9611.0,0.84,7636,64,0.829,0.0,0.9971,0.00290361
10109,780613758,Existing Customer,47,M,5,High School,Single,Less than $40K,Blue,35,4,3,5,4165.0,0,4165.0,0.813,17093,111,0.82,0.0,0.00089586,0.9991
10116,714109308,Existing Customer,46,M,5,College,Single,$80K - $120K,Blue,36,1,2,3,13187.0,2241,10946.0,0.689,15354,112,0.931,0.17,0.00019215,0.99981
